{"stats":{"minecraft:custom":{"minecraft:mob_kills":3,"minecraft:interact_with_crafting_table":51,"minecraft:open_barrel":46,"minecraft:bell_ring":1,"minecraft:leave_game":2,"minecraft:time_since_death":74647,"minecraft:sprint_one_cm":556284,"minecraft:walk_one_cm":434134,"minecraft:drop":3,"minecraft:play_time":157611,"minecraft:deaths":1,"minecraft:sneak_time":5375,"minecraft:walk_under_water_one_cm":3490,"minecraft:jump":1119,"minecraft:walk_on_water_one_cm":18340,"minecraft:total_world_time":157611,"minecraft:interact_with_furnace":39,"minecraft:interact_with_cartography_table":1,"minecraft:pot_flower":3,"minecraft:sleep_in_bed":11,"minecraft:time_since_rest":10355,"minecraft:damage_taken":985,"minecraft:damage_dealt":953,"minecraft:swim_one_cm":8492,"minecraft:fly_one_cm":144061,"minecraft:open_chest":27,"minecraft:crouch_one_cm":12049,"minecraft:fall_one_cm":20133},"minecraft:picked_up":{"minecraft:charcoal":2,"minecraft:crafting_table":4,"minecraft:wheat":6,"minecraft:clay_ball":53,"minecraft:flower_pot":1,"minecraft:brick":15,"minecraft:string":3,"minecraft:iron_axe":4,"minecraft:acacia_door":3,"minecraft:white_carpet":1,"minecraft:smooth_stone":11,"minecraft:iron_nugget":4,"minecraft:poppy":1,"minecraft:iron_pickaxe":1,"minecraft:melon_slice":73,"minecraft:chest":3,"minecraft:furnace":4,"minecraft:stick":12,"minecraft:raw_iron":58,"minecraft:torch":18,"minecraft:acacia_log":165,"minecraft:diorite":3,"minecraft:arrow":2,"minecraft:rotten_flesh":2,"minecraft:decorated_pot":1,"minecraft:hay_block":17,"minecraft:mutton":13,"minecraft:white_wool":9,"minecraft:cobblestone":216,"minecraft:cooked_beef":1,"minecraft:oak_log":10,"minecraft:gunpowder":2,"minecraft:lapis_lazuli":20,"minecraft:dirt":47,"minecraft:bone":3,"minecraft:acacia_planks":19,"minecraft:wheat_seeds":13,"minecraft:acacia_trapdoor":6,"minecraft:stone_hoe":1,"minecraft:acacia_sapling":9,"minecraft:iron_sword":1,"minecraft:sand":23,"minecraft:white_bed":4,"minecraft:acacia_stairs":43,"minecraft:diamond":5,"minecraft:oak_sapling":3,"minecraft:acacia_slab":17,"minecraft:melon_seeds":2,"minecraft:coal":81},"minecraft:crafted":{"minecraft:brick":13,"minecraft:oak_planks":40,"minecraft:smooth_stone":68,"minecraft:barrel":6,"minecraft:iron_nugget":45,"minecraft:furnace":2,"minecraft:stone":68,"minecraft:white_carpet":3,"minecraft:cooked_mutton":13,"minecraft:glass_pane":16,"minecraft:glass":23,"minecraft:lantern":5,"minecraft:iron_axe":1,"minecraft:decorated_pot":2,"minecraft:stone_pickaxe":2,"minecraft:cobblestone_wall":12,"minecraft:chest":3,"minecraft:flower_pot":3,"minecraft:wheat":153,"minecraft:wooden_shovel":1,"minecraft:diamond_sword":1,"minecraft:acacia_slab":150,"minecraft:wooden_pickaxe":1,"minecraft:iron_sword":1,"minecraft:acacia_trapdoor":24,"minecraft:acacia_stairs":84,"minecraft:acacia_button":2,"minecraft:campfire":2,"minecraft:stone_axe":1,"minecraft:bread":10,"minecraft:stick":36,"minecraft:iron_ingot":28,"minecraft:iron_pickaxe":1,"minecraft:stone_sword":1,"minecraft:acacia_door":3,"minecraft:white_bed":2,"minecraft:acacia_planks":532,"minecraft:torch":32},"minecraft:killed":{"minecraft:spider":1,"minecraft:zombie":2},"minecraft:broken":{"minecraft:stone_pickaxe":1},"minecraft:killed_by":{"minecraft:zombie":1},"minecraft:used":{"minecraft:stone_sword":22,"minecraft:acacia_log":7,"minecraft:decorated_pot":3,"minecraft:chest":6,"minecraft:iron_sword":35,"minecraft:rotten_flesh":2,"minecraft:torch":22,"minecraft:dirt":28,"minecraft:white_carpet":4,"minecraft:cobblestone_wall":6,"minecraft:acacia_sapling":12,"minecraft:lantern":5,"minecraft:iron_axe":235,"minecraft:acacia_slab":145,"minecraft:barrel":6,"minecraft:furnace":6,"minecraft:oak_sapling":1,"minecraft:cooked_beef":1,"minecraft:acacia_planks":203,"minecraft:cooked_mutton":10,"minecraft:acacia_trapdoor":28,"minecraft:stone_pickaxe":145,"minecraft:wooden_pickaxe":36,"minecraft:crafting_table":4,"minecraft:white_bed":6,"minecraft:campfire":2,"minecraft:flower_pot":4,"minecraft:acacia_stairs":91,"minecraft:acacia_door":6,"minecraft:bread":11,"minecraft:iron_pickaxe":130,"minecraft:stone_axe":33,"minecraft:glass_pane":7,"minecraft:smooth_stone":63},"minecraft:mined":{"minecraft:white_bed":4,"minecraft:acacia_log":152,"minecraft:grass_block":1,"minecraft:decorated_pot":2,"minecraft:acacia_slab":13,"minecraft:kelp":1,"minecraft:hay_block":17,"minecraft:smooth_stone":3,"minecraft:furnace":4,"minecraft:acacia_trapdoor":6,"minecraft:iron_ore":37,"minecraft:acacia_stairs":7,"minecraft:dirt_path":9,"minecraft:stone":216,"minecraft:tripwire":6,"minecraft:acacia_leaves":55,"minecraft:melon_stem":4,"minecraft:clay":8,"minecraft:crafting_table":4,"minecraft:torch":2,"minecraft:short_grass":24,"minecraft:poppy":1,"minecraft:melon":13,"minecraft:chest":3,"minecraft:campfire":1,"minecraft:lapis_ore":3,"minecraft:wall_torch":4,"minecraft:diorite":3,"minecraft:seagrass":2,"minecraft:wheat":12,"minecraft:white_carpet":1,"minecraft:birch_leaves":1,"minecraft:coal_ore":39,"minecraft:oak_log":10,"minecraft:acacia_door":3,"minecraft:flower_pot":1,"minecraft:sand":23,"minecraft:dirt":8,"minecraft:acacia_planks":17},"minecraft:dropped":{"minecraft:iron_axe":2,"minecraft:acacia_stairs":32}},"DataVersion":3955}