{"stats":{"minecraft:killed_by":{"minecraft:skeleton":1,"minecraft:creeper":1},"minecraft:killed":{"minecraft:salmon":15,"minecraft:shulker":7,"minecraft:drowned":1,"minecraft:silverfish":3,"minecraft:tropical_fish":4,"minecraft:enderman":2},"minecraft:mined":{"minecraft:white_bed":2,"minecraft:magenta_stained_glass":1,"minecraft:kelp_plant":9,"minecraft:purpur_stairs":2,"minecraft:end_stone":717,"minecraft:purpur_pillar":10,"minecraft:kelp":12,"minecraft:seagrass":11,"minecraft:tall_seagrass":22,"minecraft:purpur_block":7,"minecraft:cocoa":5,"minecraft:oak_log":19,"minecraft:vine":1,"minecraft:iron_bars":2,"minecraft:chorus_plant":9,"minecraft:end_stone_bricks":3,"minecraft:netherrack":7,"minecraft:oak_leaves":2},"minecraft:dropped":{"minecraft:end_stone":64},"minecraft:used":{"minecraft:water_bucket":10,"minecraft:oak_planks":52,"minecraft:ender_pearl":4,"minecraft:shield":12,"minecraft:netherrack":199,"minecraft:dirt":16,"minecraft:crafting_table":2,"minecraft:white_bed":2,"minecraft:end_stone":804,"minecraft:diamond_pickaxe":760,"minecraft:totem_of_undying":1,"minecraft:diamond_sword":230,"minecraft:bow":84,"minecraft:golden_carrot":44,"minecraft:bucket":10},"minecraft:picked_up":{"minecraft:end_stone_bricks":3,"minecraft:seagrass":55,"minecraft:cocoa_beans":15,"minecraft:golden_carrot":64,"minecraft:water_bucket":1,"minecraft:salmon":12,"minecraft:diamond_sword":1,"minecraft:purpur_stairs":2,"minecraft:oak_log":38,"minecraft:purpur_block":7,"minecraft:shield":1,"minecraft:dirt":16,"minecraft:kelp":63,"minecraft:bow":1,"minecraft:diamond_leggings":1,"minecraft:diamond_helmet":1,"minecraft:end_stone":1007,"minecraft:purpur_pillar":8,"minecraft:white_bed":2,"minecraft:dragon_egg":1,"minecraft:rotten_flesh":1,"minecraft:diamond_chestplate":1,"minecraft:diamond_shovel":1,"minecraft:arrow":1,"minecraft:tropical_fish":2,"minecraft:diamond_boots":1,"minecraft:diamond_axe":1,"minecraft:totem_of_undying":1,"minecraft:netherrack":201,"minecraft:chorus_fruit":66,"minecraft:iron_bars":1,"minecraft:diamond_pickaxe":1,"minecraft:ender_pearl":5,"minecraft:shulker_shell":6},"minecraft:custom":{"minecraft:mob_kills":32,"minecraft:interact_with_crafting_table":4,"minecraft:leave_game":1,"minecraft:time_since_death":138451,"minecraft:sleep_in_bed":2,"minecraft:climb_one_cm":33,"minecraft:time_since_rest":7913,"minecraft:walk_one_cm":244247,"minecraft:sprint_one_cm":321633,"minecraft:open_enderchest":2,"minecraft:damage_taken":4724,"minecraft:damage_absorbed":11,"minecraft:damage_blocked_by_shield":470,"minecraft:drop":1,"minecraft:damage_dealt":3187,"minecraft:swim_one_cm":65869,"minecraft:fly_one_cm":358702,"minecraft:open_chest":10,"minecraft:crouch_one_cm":74762,"minecraft:play_time":141812,"minecraft:deaths":2,"minecraft:sneak_time":30300,"minecraft:walk_under_water_one_cm":42675,"minecraft:jump":1331,"minecraft:walk_on_water_one_cm":71889,"minecraft:total_world_time":141812,"minecraft:fall_one_cm":44897},"minecraft:crafted":{"minecraft:oak_planks":76,"minecraft:crafting_table":2,"minecraft:shulker_box":2,"minecraft:chest":2,"minecraft:shears":1}},"DataVersion":3955}