{"stats":{"minecraft:killed_by":{"minecraft:vindicator":5,"minecraft:cave_spider":5,"minecraft:zombie":2,"minecraft:player":1,"minecraft:iron_golem":1},"minecraft:killed":{"minecraft:cave_spider":8,"minecraft:zombified_piglin":1,"minecraft:witch":2,"minecraft:spider":4,"minecraft:shulker":20,"minecraft:skeleton":5,"minecraft:chicken":2,"minecraft:silverfish":5,"minecraft:piglin":1,"minecraft:pig":2,"minecraft:creeper":4,"minecraft:sheep":2,"minecraft:pillager":11,"minecraft:zombie":10,"minecraft:cow":11,"minecraft:vindicator":3,"minecraft:horse":7,"minecraft:enderman":23},"minecraft:mined":{"minecraft:white_bed":10,"minecraft:oak_sapling":2,"minecraft:cobblestone_stairs":3,"minecraft:brewing_stand":1,"minecraft:granite":23,"minecraft:acacia_log":54,"minecraft:grass_block":176,"minecraft:soul_soil":3,"minecraft:spawner":1,"minecraft:magma_block":2,"minecraft:iron_ore":25,"minecraft:fire":3,"minecraft:enchanting_table":1,"minecraft:cave_vines":1,"minecraft:dirt_path":23,"minecraft:oak_stairs":2,"minecraft:end_stone_bricks":4,"minecraft:deepslate_redstone_ore":3,"minecraft:torch":1,"minecraft:nether_quartz_ore":4,"minecraft:cobblestone":122,"minecraft:sugar_cane":74,"minecraft:oak_planks":6,"minecraft:wall_torch":1,"minecraft:seagrass":1,"minecraft:warped_nylium":8,"minecraft:birch_log":6,"minecraft:wheat":51,"minecraft:purpur_block":3,"minecraft:oak_log":115,"minecraft:beetroots":1,"minecraft:oak_fence_gate":1,"minecraft:dirt":132,"minecraft:netherrack":222,"minecraft:oak_leaves":85,"minecraft:deepslate":21,"minecraft:nether_gold_ore":44,"minecraft:tuff":11,"minecraft:mossy_cobblestone":2,"minecraft:deepslate_diamond_ore":4,"minecraft:stripped_birch_log":1,"minecraft:shulker_box":2,"minecraft:end_stone":616,"minecraft:spruce_leaves":25,"minecraft:moss_block":1,"minecraft:hay_block":11,"minecraft:furnace":11,"minecraft:carrots":7,"minecraft:andesite":8,"minecraft:stripped_spruce_log":1,"minecraft:bookshelf":1,"minecraft:potatoes":5,"minecraft:deepslate_iron_ore":73,"minecraft:rail":1,"minecraft:lantern":2,"minecraft:warped_stem":13,"minecraft:chorus_plant":3,"minecraft:bamboo":2,"minecraft:stone":131,"minecraft:oak_slab":3,"minecraft:acacia_leaves":10,"minecraft:glass_pane":2,"minecraft:magenta_stained_glass":1,"minecraft:oak_fence":12,"minecraft:crafting_table":8,"minecraft:short_grass":38,"minecraft:warped_roots":1,"minecraft:purpur_pillar":1,"minecraft:tall_grass":3,"minecraft:copper_ore":2,"minecraft:deepslate_gold_ore":17,"minecraft:birch_planks":8,"minecraft:white_carpet":2,"minecraft:spruce_log":491,"minecraft:yellow_bed":2,"minecraft:coal_ore":112,"minecraft:end_rod":2,"minecraft:cobweb":4,"minecraft:acacia_planks":1,"minecraft:fern":1},"minecraft:dropped":{"minecraft:iron_sword":1,"minecraft:moss_block":2,"minecraft:ominous_bottle":1,"minecraft:lapis_lazuli":47,"minecraft:warped_fungus":1,"minecraft:oak_log":41,"minecraft:ender_pearl":1,"minecraft:diamond":3,"minecraft:warped_roots":7,"minecraft:chest_minecart":1,"minecraft:rail":14,"minecraft:emerald":18,"minecraft:dirt":15,"minecraft:gold_nugget":1,"minecraft:bone_meal":65,"minecraft:birch_log":1,"minecraft:white_wool":1,"minecraft:gold_ingot":2,"minecraft:bone":4,"minecraft:gravel":1,"minecraft:rotten_flesh":2,"minecraft:oak_planks":132,"minecraft:diamond_shovel":2,"minecraft:end_stone":193,"minecraft:cooked_mutton":6,"minecraft:end_stone_bricks":2,"minecraft:arrow":98,"minecraft:netherrack":52,"minecraft:golden_boots":1,"minecraft:bread":7,"minecraft:stripped_spruce_log":1,"minecraft:wheat_seeds":1,"minecraft:iron_helmet":1,"minecraft:oak_fence":2,"minecraft:feather":3,"minecraft:granite":14,"minecraft:coal":104,"minecraft:stick":800,"minecraft:torch":4,"minecraft:diamond_helmet":2,"minecraft:iron_leggings":4,"minecraft:iron_axe":1,"minecraft:iron_shovel":1,"minecraft:string":3,"minecraft:redstone":14,"minecraft:purpur_pillar":1,"minecraft:furnace":2,"minecraft:warped_nylium":5,"minecraft:soul_soil":2,"minecraft:ender_chest":1,"minecraft:raw_iron":22,"minecraft:white_carpet":1,"minecraft:clay_ball":16,"minecraft:iron_boots":1,"minecraft:totem_of_undying":2,"minecraft:shield":2,"minecraft:iron_chestplate":2,"minecraft:diamond_pickaxe":1,"minecraft:oak_sapling":1,"minecraft:spider_eye":3,"minecraft:spruce_log":396,"minecraft:bow":1,"minecraft:black_wool":1},"minecraft:broken":{"minecraft:golden_boots":1,"minecraft:stone_pickaxe":1,"minecraft:stone_axe":1,"minecraft:wooden_axe":1,"minecraft:wooden_pickaxe":1,"minecraft:iron_axe":2},"minecraft:used":{"minecraft:chest":8,"minecraft:shield":99,"minecraft:iron_sword":161,"minecraft:rotten_flesh":5,"minecraft:iron_chestplate":5,"minecraft:lava_bucket":4,"minecraft:lantern":13,"minecraft:warped_nylium":2,"minecraft:iron_helmet":4,"minecraft:bow":227,"minecraft:oak_sapling":28,"minecraft:furnace":10,"minecraft:potato":8,"minecraft:golden_boots":1,"minecraft:mossy_stone_bricks":3,"minecraft:diamond_boots":1,"minecraft:stone_pickaxe":131,"minecraft:oak_planks":38,"minecraft:ender_pearl":10,"minecraft:wooden_pickaxe":81,"minecraft:sugar_cane":14,"minecraft:oak_leaves":55,"minecraft:glow_berries":4,"minecraft:end_stone":117,"minecraft:shears":56,"minecraft:string":2,"minecraft:bread":55,"minecraft:oak_pressure_plate":1,"minecraft:diamond_sword":228,"minecraft:andesite":8,"minecraft:bone_meal":187,"minecraft:oak_fence":61,"minecraft:enchanting_table":1,"minecraft:stone_sword":102,"minecraft:cooked_chicken":2,"minecraft:netherrack":291,"minecraft:torch":42,"minecraft:dirt":204,"minecraft:white_carpet":4,"minecraft:diamond_helmet":3,"minecraft:shulker_box":5,"minecraft:granite":15,"minecraft:oak_fence_gate":5,"minecraft:wooden_axe":49,"minecraft:bookshelf":11,"minecraft:iron_axe":693,"minecraft:iron_boots":4,"minecraft:totem_of_undying":1,"minecraft:diamond_chestplate":1,"minecraft:golden_carrot":62,"minecraft:cooked_beef":12,"minecraft:acacia_planks":2,"minecraft:cobbled_deepslate":34,"minecraft:iron_leggings":4,"minecraft:wheat_seeds":122,"minecraft:cooked_mutton":6,"minecraft:acacia_boat":9,"minecraft:water_bucket":1,"minecraft:cobblestone_stairs":2,"minecraft:birch_planks":8,"minecraft:mossy_cobblestone":2,"minecraft:rail":1,"minecraft:oak_slab":48,"minecraft:crafting_table":12,"minecraft:white_bed":12,"minecraft:campfire":1,"minecraft:wooden_hoe":5,"minecraft:diamond_pickaxe":1208,"minecraft:black_wool":1,"minecraft:diamond_shovel":326,"minecraft:iron_pickaxe":89,"minecraft:spruce_sapling":20,"minecraft:stone_axe":114,"minecraft:cobblestone":288,"minecraft:porkchop":2,"minecraft:white_banner":4,"minecraft:cooked_porkchop":2,"minecraft:bucket":5,"minecraft:yellow_bed":2,"minecraft:diamond_leggings":1},"minecraft:picked_up":{"minecraft:shulker_shell":9,"minecraft:iron_chestplate":8,"minecraft:wheat":50,"minecraft:ender_chest":1,"minecraft:oak_stairs":2,"minecraft:potion":2,"minecraft:brewing_stand":1,"minecraft:string":1432,"minecraft:soul_soil":2,"minecraft:raw_copper":6,"minecraft:iron_leggings":7,"minecraft:gold_nugget":159,"minecraft:cobbled_deepslate":61,"minecraft:bucket":1,"minecraft:iron_pickaxe":4,"minecraft:furnace":15,"minecraft:iron_boots":4,"minecraft:stick":852,"minecraft:purpur_pillar":1,"minecraft:oak_fence":13,"minecraft:torch":50,"minecraft:acacia_log":72,"minecraft:porkchop":10,"minecraft:stone_sword":5,"minecraft:rotten_flesh":39,"minecraft:end_rod":3,"minecraft:cobblestone":345,"minecraft:enchanting_table":1,"minecraft:birch_log":8,"minecraft:magma_block":7,"minecraft:cooked_beef":20,"minecraft:feather":3,"minecraft:birch_slab":5,"minecraft:andesite":8,"minecraft:potato":22,"minecraft:tuff":9,"minecraft:acacia_boat":9,"minecraft:lapis_lazuli":46,"minecraft:stripped_birch_log":1,"minecraft:dirt":384,"minecraft:lantern":4,"minecraft:name_tag":5,"minecraft:twisting_vines":1,"minecraft:bone":34,"minecraft:acacia_planks":28,"minecraft:bow":6,"minecraft:wheat_seeds":132,"minecraft:raw_gold":17,"minecraft:mossy_stone_bricks":3,"minecraft:glowstone_dust":3,"minecraft:diamond_helmet":3,"minecraft:bamboo":36,"minecraft:moss_block":2,"minecraft:oak_planks":9,"minecraft:oak_pressure_plate":2,"minecraft:sand":4,"minecraft:stripped_spruce_log":1,"minecraft:shulker_box":2,"minecraft:mossy_cobblestone":2,"minecraft:sugar":4,"minecraft:diamond":12,"minecraft:crossbow":5,"minecraft:granite":30,"minecraft:bone_meal":31,"minecraft:golden_apple":9,"minecraft:emerald":32,"minecraft:bread":93,"minecraft:oak_sapling":29,"minecraft:chorus_fruit":61,"minecraft:netherrack":335,"minecraft:oak_leaves":56,"minecraft:diamond_pickaxe":4,"minecraft:end_stone_bricks":6,"minecraft:crafting_table":9,"minecraft:ominous_bottle":2,"minecraft:chicken":2,"minecraft:clay_ball":16,"minecraft:chest_minecart":1,"minecraft:wooden_pickaxe":1,"minecraft:purpur_block":3,"minecraft:shield":9,"minecraft:iron_axe":5,"minecraft:iron_shovel":1,"minecraft:white_carpet":2,"minecraft:beef":22,"minecraft:poppy":2,"minecraft:sugar_cane":154,"minecraft:raw_iron":123,"minecraft:end_stone":510,"minecraft:bowl":1,"minecraft:carrot":24,"minecraft:redstone":47,"minecraft:arrow":226,"minecraft:beetroot_seeds":1,"minecraft:pumpkin_pie":1,"minecraft:hay_block":11,"minecraft:totem_of_undying":5,"minecraft:saddle":1,"minecraft:gold_ingot":6,"minecraft:glow_berries":12,"minecraft:mutton":2,"minecraft:white_wool":1,"minecraft:rail":57,"minecraft:golden_carrot":244,"minecraft:leather":26,"minecraft:birch_planks":32,"minecraft:oak_log":138,"minecraft:golden_boots":2,"minecraft:yellow_bed":2,"minecraft:gunpowder":4,"minecraft:cobblestone_stairs":3,"minecraft:white_banner":14,"minecraft:cooked_mutton":21,"minecraft:apple":5,"minecraft:warped_stem":10,"minecraft:oak_fence_gate":1,"minecraft:iron_ingot":59,"minecraft:stone_pickaxe":3,"minecraft:iron_sword":4,"minecraft:acacia_sapling":7,"minecraft:book":3,"minecraft:oak_slab":4,"minecraft:warped_fungus":2,"minecraft:quartz":4,"minecraft:gravel":1,"minecraft:spruce_sapling":44,"minecraft:white_bed":10,"minecraft:spruce_log":477,"minecraft:spider_eye":5,"minecraft:diamond_shovel":5,"minecraft:pumpkin_seeds":18,"minecraft:stone_axe":3,"minecraft:iron_helmet":5,"minecraft:warped_roots":11,"minecraft:black_wool":3,"minecraft:melon_seeds":32,"minecraft:warped_nylium":7,"minecraft:coal":112,"minecraft:ender_pearl":15},"minecraft:custom":{"minecraft:animals_bred":13,"minecraft:interact_with_crafting_table":78,"minecraft:open_shulker_box":4,"minecraft:bell_ring":1,"minecraft:leave_game":4,"minecraft:time_since_death":182908,"minecraft:sprint_one_cm":1565684,"minecraft:damage_blocked_by_shield":3589,"minecraft:drop":157,"minecraft:talked_to_villager":23,"minecraft:play_time":578756,"minecraft:deaths":18,"minecraft:jump":6757,"minecraft:walk_on_water_one_cm":57899,"minecraft:enchant_item":2,"minecraft:interact_with_furnace":44,"minecraft:traded_with_villager":75,"minecraft:sleep_in_bed":19,"minecraft:open_enderchest":1,"minecraft:damage_dealt":23114,"minecraft:crouch_one_cm":116226,"minecraft:mob_kills":126,"minecraft:interact_with_anvil":4,"minecraft:interact_with_campfire":4,"minecraft:climb_one_cm":4934,"minecraft:walk_one_cm":1328120,"minecraft:raid_win":3,"minecraft:sneak_time":48936,"minecraft:walk_under_water_one_cm":18422,"minecraft:boat_one_cm":137854,"minecraft:interact_with_blast_furnace":7,"minecraft:total_world_time":578756,"minecraft:interact_with_grindstone":1,"minecraft:time_since_rest":8622,"minecraft:damage_taken":14181,"minecraft:damage_absorbed":11,"minecraft:swim_one_cm":66428,"minecraft:fly_one_cm":1216669,"minecraft:open_chest":164,"minecraft:fall_one_cm":168305},"minecraft:crafted":{"minecraft:oak_planks":316,"minecraft:cooked_chicken":2,"minecraft:birch_slab":12,"minecraft:bookshelf":11,"minecraft:shulker_box":3,"minecraft:cooked_mutton":6,"minecraft:warped_planks":16,"minecraft:diamond_helmet":1,"minecraft:diamond_leggings":1,"minecraft:bow":8,"minecraft:iron_boots":1,"minecraft:tipped_arrow":30,"minecraft:chest":10,"minecraft:oak_fence":54,"minecraft:oak_slab":48,"minecraft:arrow":32,"minecraft:emerald":60,"minecraft:cooked_porkchop":2,"minecraft:crafting_table":4,"minecraft:spruce_planks":40,"minecraft:wooden_pickaxe":2,"minecraft:birch_pressure_plate":1,"minecraft:birch_planks":32,"minecraft:campfire":1,"minecraft:wooden_hoe":1,"minecraft:book":30,"minecraft:paper":90,"minecraft:diamond_pickaxe":1,"minecraft:shield":2,"minecraft:stick":392,"minecraft:iron_ingot":110,"minecraft:iron_pickaxe":1,"minecraft:stone_sword":1,"minecraft:shears":2,"minecraft:iron_nugget":72,"minecraft:spruce_button":1,"minecraft:furnace":1,"minecraft:bone_meal":234,"minecraft:white_carpet":3,"minecraft:lantern":9,"minecraft:iron_axe":6,"minecraft:stone_pickaxe":1,"minecraft:diamond_boots":1,"minecraft:wheat":99,"minecraft:cooked_beef":5,"minecraft:coal_block":1,"minecraft:diamond_sword":1,"minecraft:iron_sword":2,"minecraft:stone_axe":1,"minecraft:bread":33,"minecraft:oak_fence_gate":4,"minecraft:white_wool":11,"minecraft:wooden_axe":1,"minecraft:iron_leggings":2,"minecraft:white_bed":3,"minecraft:acacia_planks":204,"minecraft:torch":40,"minecraft:diamond_chestplate":1}},"DataVersion":3955}