{"stats":{"minecraft:picked_up":{"minecraft:rotten_flesh":2,"minecraft:sand":1},"minecraft:killed":{"minecraft:skeleton":1,"minecraft:husk":2,"minecraft:zombie":4,"minecraft:creeper":1},"minecraft:custom":{"minecraft:time_since_rest":11006,"minecraft:sprint_one_cm":24336,"minecraft:play_time":11006,"minecraft:damage_taken":739,"minecraft:walk_one_cm":27694,"minecraft:sneak_time":6,"minecraft:mob_kills":10,"minecraft:walk_under_water_one_cm":252,"minecraft:drop":2,"minecraft:jump":530,"minecraft:damage_dealt":1995,"minecraft:leave_game":1,"minecraft:walk_on_water_one_cm":1082,"minecraft:time_since_death":11006,"minecraft:total_world_time":11006,"minecraft:swim_one_cm":5956,"minecraft:fall_one_cm":11050,"minecraft:fly_one_cm":124211},"minecraft:used":{"minecraft:netherite_sword":14,"minecraft:golden_carrot":9},"minecraft:mined":{"minecraft:sand":1},"minecraft:dropped":{"minecraft:rotten_flesh":2,"minecraft:sand":1}},"DataVersion":3953}