{"stats":{"minecraft:custom":{"minecraft:time_since_rest":9076,"minecraft:sprint_one_cm":17396,"minecraft:walk_one_cm":11419,"minecraft:mob_kills":10,"minecraft:drop":1,"minecraft:damage_dealt":1040,"minecraft:interact_with_crafting_table":2,"minecraft:fly_one_cm":56847,"minecraft:crouch_one_cm":3467,"minecraft:play_time":9076,"minecraft:sneak_time":1256,"minecraft:jump":219,"minecraft:leave_game":1,"minecraft:time_since_death":9076,"minecraft:total_world_time":9076,"minecraft:fall_one_cm":8000},"minecraft:crafted":{"minecraft:oak_planks":20,"minecraft:stone_shovel":1,"minecraft:crafting_table":1,"minecraft:stick":12,"minecraft:wooden_pickaxe":1,"minecraft:stone_pickaxe":1,"minecraft:stone_axe":1},"minecraft:used":{"minecraft:stone_pickaxe":11,"minecraft:stone_shovel":1,"minecraft:wooden_pickaxe":22,"minecraft:stone_axe":15,"minecraft:crafting_table":1},"minecraft:mined":{"minecraft:iron_ore":3,"minecraft:crafting_table":1,"minecraft:oak_log":7,"minecraft:grass_block":3,"minecraft:coal_ore":4,"minecraft:dirt":11,"minecraft:stone":13,"minecraft:sugar_cane":3,"minecraft:oak_leaves":2},"minecraft:killed":{"minecraft:sheep":3,"minecraft:cow":7},"minecraft:dropped":{"minecraft:wooden_pickaxe":1},"minecraft:picked_up":{"minecraft:crafting_table":1,"minecraft:raw_iron":3,"minecraft:leather":9,"minecraft:oak_log":7,"minecraft:dirt":14,"minecraft:beef":16,"minecraft:sugar_cane":4,"minecraft:mutton":4,"minecraft:coal":4,"minecraft:white_wool":3,"minecraft:cobblestone":13}},"DataVersion":3953}