{"stats":{"minecraft:killed":{"minecraft:husk":2,"minecraft:spider":5,"minecraft:creeper":6,"minecraft:skeleton":7,"minecraft:zombie":9},"minecraft:picked_up":{"minecraft:crafting_table":5,"minecraft:andesite":1,"minecraft:lapis_lazuli":8,"minecraft:dirt":11,"minecraft:bow":1,"minecraft:wheat_seeds":2,"minecraft:acacia_sapling":1,"minecraft:furnace":2,"minecraft:raw_iron":35,"minecraft:torch":1,"minecraft:acacia_log":27,"minecraft:sand":7,"minecraft:diorite":5,"minecraft:rotten_flesh":2,"minecraft:granite":1,"minecraft:coal":86,"minecraft:cobblestone":65},"minecraft:custom":{"minecraft:interact_with_furnace":19,"minecraft:mob_kills":31,"minecraft:interact_with_crafting_table":14,"minecraft:leave_game":1,"minecraft:time_since_death":35006,"minecraft:time_since_rest":35006,"minecraft:sprint_one_cm":79929,"minecraft:damage_taken":1180,"minecraft:walk_one_cm":62417,"minecraft:drop":12,"minecraft:damage_dealt":5885,"minecraft:swim_one_cm":9746,"minecraft:fly_one_cm":245626,"minecraft:crouch_one_cm":17733,"minecraft:play_time":35006,"minecraft:sneak_time":6515,"minecraft:walk_under_water_one_cm":896,"minecraft:jump":1041,"minecraft:walk_on_water_one_cm":5355,"minecraft:total_world_time":35006,"minecraft:fall_one_cm":24415},"minecraft:crafted":{"minecraft:stone_shovel":1,"minecraft:crafting_table":1,"minecraft:wooden_pickaxe":1,"minecraft:iron_helmet":1,"minecraft:furnace":2,"minecraft:bucket":1,"minecraft:stone_axe":1,"minecraft:air":0,"minecraft:iron_boots":1,"minecraft:iron_chestplate":1,"minecraft:stick":32,"minecraft:iron_ingot":30,"minecraft:iron_pickaxe":1,"minecraft:stone_pickaxe":1,"minecraft:iron_leggings":1,"minecraft:acacia_planks":108,"minecraft:torch":80},"minecraft:used":{"minecraft:water_bucket":3,"minecraft:netherite_sword":64,"minecraft:stone_pickaxe":110,"minecraft:wooden_pickaxe":26,"minecraft:iron_chestplate":1,"minecraft:torch":43,"minecraft:crafting_table":5,"minecraft:granite":1,"minecraft:iron_pickaxe":76,"minecraft:iron_boots":1,"minecraft:stone_axe":34,"minecraft:golden_carrot":15,"minecraft:cobblestone":36,"minecraft:furnace":4,"minecraft:bucket":4,"minecraft:iron_leggings":1},"minecraft:dropped":{"minecraft:wheat_seeds":2,"minecraft:crafting_table":1,"minecraft:rotten_flesh":2,"minecraft:dirt":11,"minecraft:andesite":1,"minecraft:acacia_sapling":1,"minecraft:sand":7,"minecraft:bow":1,"minecraft:wooden_pickaxe":1,"minecraft:stone_pickaxe":1},"minecraft:mined":{"minecraft:acacia_leaves":10,"minecraft:crafting_table":4,"minecraft:granite":1,"minecraft:short_grass":6,"minecraft:acacia_log":27,"minecraft:grass_block":3,"minecraft:cobblestone":6,"minecraft:lapis_ore":1,"minecraft:diorite":5,"minecraft:furnace":2,"minecraft:iron_ore":36,"minecraft:andesite":1,"minecraft:coal_ore":86,"minecraft:sand":7,"minecraft:dirt":8,"minecraft:stone":59}},"DataVersion":3953}