{"stats":{"minecraft:custom":{"minecraft:interact_with_furnace":23,"minecraft:mob_kills":70,"minecraft:interact_with_crafting_table":19,"minecraft:leave_game":2,"minecraft:time_since_death":62476,"minecraft:time_since_rest":62476,"minecraft:sprint_one_cm":170724,"minecraft:damage_taken":1751,"minecraft:walk_one_cm":115589,"minecraft:drop":20,"minecraft:damage_dealt":13278,"minecraft:swim_one_cm":9746,"minecraft:fly_one_cm":471638,"minecraft:open_chest":5,"minecraft:crouch_one_cm":33175,"minecraft:play_time":62476,"minecraft:sneak_time":11379,"minecraft:walk_under_water_one_cm":1086,"minecraft:jump":1907,"minecraft:walk_on_water_one_cm":7258,"minecraft:total_world_time":62476,"minecraft:fall_one_cm":45245},"minecraft:killed":{"minecraft:husk":2,"minecraft:spider":9,"minecraft:bat":1,"minecraft:creeper":12,"minecraft:skeleton":20,"minecraft:zombie":23},"minecraft:used":{"minecraft:water_bucket":7,"minecraft:netherite_sword":154,"minecraft:iron_shovel":3,"minecraft:stone_pickaxe":110,"minecraft:wooden_pickaxe":26,"minecraft:iron_chestplate":1,"minecraft:torch":181,"minecraft:crafting_table":9,"minecraft:granite":1,"minecraft:diamond_pickaxe":125,"minecraft:iron_axe":1,"minecraft:iron_pickaxe":125,"minecraft:iron_helmet":1,"minecraft:iron_boots":1,"minecraft:stone_axe":38,"minecraft:diamond_chestplate":1,"minecraft:cobblestone":42,"minecraft:golden_carrot":24,"minecraft:furnace":4,"minecraft:bucket":8,"minecraft:cobbled_deepslate":21,"minecraft:iron_leggings":1},"minecraft:picked_up":{"minecraft:crafting_table":10,"minecraft:andesite":1,"minecraft:tuff":2,"minecraft:gunpowder":4,"minecraft:lapis_lazuli":80,"minecraft:dirt":14,"minecraft:moss_carpet":2,"minecraft:bone":6,"minecraft:bow":1,"minecraft:wheat_seeds":2,"minecraft:cobbled_deepslate":62,"minecraft:raw_gold":15,"minecraft:moss_block":2,"minecraft:flowering_azalea":1,"minecraft:acacia_sapling":1,"minecraft:furnace":4,"minecraft:raw_iron":71,"minecraft:torch":3,"minecraft:acacia_log":27,"minecraft:sand":7,"minecraft:diorite":5,"minecraft:tropical_fish":1,"minecraft:arrow":10,"minecraft:rotten_flesh":7,"minecraft:diamond":36,"minecraft:granite":1,"minecraft:coal":146,"minecraft:cobblestone":68},"minecraft:crafted":{"minecraft:stone_shovel":1,"minecraft:crafting_table":1,"minecraft:wooden_pickaxe":1,"minecraft:iron_helmet":1,"minecraft:furnace":2,"minecraft:bucket":1,"minecraft:stone_axe":1,"minecraft:air":0,"minecraft:diamond_helmet":1,"minecraft:diamond_leggings":1,"minecraft:iron_boots":1,"minecraft:iron_chestplate":1,"minecraft:diamond_pickaxe":1,"minecraft:iron_axe":1,"minecraft:stick":68,"minecraft:iron_ingot":35,"minecraft:iron_pickaxe":1,"minecraft:stone_pickaxe":1,"minecraft:iron_shovel":1,"minecraft:diamond_boots":1,"minecraft:iron_leggings":1,"minecraft:acacia_planks":108,"minecraft:torch":208,"minecraft:diamond_chestplate":1},"minecraft:dropped":{"minecraft:stone_axe":1,"minecraft:wheat_seeds":2,"minecraft:crafting_table":1,"minecraft:stone_shovel":1,"minecraft:iron_helmet":1,"minecraft:rotten_flesh":2,"minecraft:iron_boots":1,"minecraft:dirt":11,"minecraft:iron_chestplate":1,"minecraft:andesite":1,"minecraft:acacia_sapling":1,"minecraft:iron_leggings":1,"minecraft:sand":7,"minecraft:arrow":2,"minecraft:bow":1,"minecraft:wooden_pickaxe":1,"minecraft:stone_pickaxe":1,"minecraft:bone":3},"minecraft:mined":{"minecraft:tuff":2,"minecraft:acacia_leaves":10,"minecraft:flowering_azalea":1,"minecraft:deepslate_diamond_ore":36,"minecraft:crafting_table":9,"minecraft:granite":1,"minecraft:short_grass":9,"minecraft:acacia_log":27,"minecraft:grass_block":3,"minecraft:tall_grass":1,"minecraft:cobblestone":6,"minecraft:lapis_ore":1,"minecraft:deepslate_gold_ore":15,"minecraft:moss_block":2,"minecraft:diorite":5,"minecraft:furnace":4,"minecraft:iron_ore":41,"minecraft:andesite":1,"minecraft:moss_carpet":1,"minecraft:deepslate_lapis_ore":11,"minecraft:coal_ore":86,"minecraft:deepslate_iron_ore":31,"minecraft:sand":7,"minecraft:dirt":11,"minecraft:stone":62,"minecraft:deepslate":63}},"DataVersion":3953}