{"stats":{"minecraft:killed":{"minecraft:skeleton":3,"minecraft:husk":2,"minecraft:zombie":7,"minecraft:spider":5,"minecraft:creeper":3},"minecraft:picked_up":{"minecraft:raw_iron":1,"minecraft:crafting_table":3,"minecraft:acacia_log":27,"minecraft:sand":7,"minecraft:dirt":11,"minecraft:rotten_flesh":2,"minecraft:wheat_seeds":2,"minecraft:bow":1,"minecraft:granite":1,"minecraft:acacia_sapling":1,"minecraft:coal":51,"minecraft:cobblestone":42},"minecraft:custom":{"minecraft:time_since_rest":23006,"minecraft:sprint_one_cm":52739,"minecraft:walk_one_cm":42021,"minecraft:damage_taken":1019,"minecraft:mob_kills":22,"minecraft:drop":10,"minecraft:damage_dealt":4145,"minecraft:interact_with_crafting_table":4,"minecraft:swim_one_cm":9746,"minecraft:fly_one_cm":216419,"minecraft:crouch_one_cm":8975,"minecraft:play_time":23006,"minecraft:sneak_time":3788,"minecraft:walk_under_water_one_cm":354,"minecraft:jump":823,"minecraft:leave_game":1,"minecraft:time_since_death":23006,"minecraft:walk_on_water_one_cm":1413,"minecraft:total_world_time":23006,"minecraft:fall_one_cm":18791},"minecraft:crafted":{"minecraft:stone_shovel":1,"minecraft:crafting_table":1,"minecraft:stick":20,"minecraft:wooden_pickaxe":1,"minecraft:stone_pickaxe":1,"minecraft:acacia_planks":108,"minecraft:torch":16,"minecraft:stone_axe":1},"minecraft:used":{"minecraft:netherite_sword":46,"minecraft:stone_pickaxe":85,"minecraft:wooden_pickaxe":26,"minecraft:torch":3,"minecraft:stone_axe":32,"minecraft:cobblestone":16,"minecraft:golden_carrot":13,"minecraft:crafting_table":2,"minecraft:granite":1},"minecraft:mined":{"minecraft:acacia_leaves":10,"minecraft:iron_ore":2,"minecraft:crafting_table":2,"minecraft:granite":1,"minecraft:short_grass":6,"minecraft:acacia_log":27,"minecraft:grass_block":3,"minecraft:coal_ore":51,"minecraft:sand":7,"minecraft:dirt":8,"minecraft:cobblestone":5,"minecraft:stone":37},"minecraft:dropped":{"minecraft:dirt":11,"minecraft:wheat_seeds":2,"minecraft:crafting_table":1,"minecraft:acacia_sapling":1,"minecraft:rotten_flesh":2,"minecraft:sand":7,"minecraft:bow":1,"minecraft:wooden_pickaxe":1}},"DataVersion":3953}