{"stats":{"minecraft:custom":{"minecraft:time_since_rest":5969,"minecraft:crouch_one_cm":1560,"minecraft:play_time":5969,"minecraft:sprint_one_cm":10419,"minecraft:walk_one_cm":5093,"minecraft:sneak_time":791,"minecraft:mob_kills":10,"minecraft:jump":144,"minecraft:damage_dealt":940,"minecraft:time_since_death":5969,"minecraft:total_world_time":5969,"minecraft:interact_with_crafting_table":2,"minecraft:fall_one_cm":5701,"minecraft:fly_one_cm":38344},"minecraft:crafted":{"minecraft:oak_planks":20,"minecraft:stone_shovel":1,"minecraft:stone_axe":1,"minecraft:crafting_table":1,"minecraft:stick":12,"minecraft:stone_pickaxe":1,"minecraft:wooden_pickaxe":1},"minecraft:used":{"minecraft:stone_axe":15,"minecraft:crafting_table":1,"minecraft:stone_pickaxe":4,"minecraft:wooden_pickaxe":22},"minecraft:mined":{"minecraft:grass_block":3,"minecraft:oak_log":7,"minecraft:dirt":10,"minecraft:iron_ore":2,"minecraft:stone":11,"minecraft:oak_leaves":2,"minecraft:crafting_table":1},"minecraft:killed":{"minecraft:sheep":3,"minecraft:cow":7},"minecraft:picked_up":{"minecraft:raw_iron":2,"minecraft:crafting_table":1,"minecraft:leather":9,"minecraft:beef":16,"minecraft:oak_log":7,"minecraft:mutton":4,"minecraft:white_wool":3,"minecraft:dirt":13,"minecraft:cobblestone":11}},"DataVersion":3953}