{"stats":{"minecraft:dropped":{"minecraft:nether_brick_stairs":1,"minecraft:acacia_boat":1,"minecraft:iron_sword":1,"minecraft:moss_block":1,"minecraft:diamond_axe":1,"minecraft:ominous_bottle":1,"minecraft:cooked_beef":1,"minecraft:oak_pressure_plate":1,"minecraft:warped_fungus":1,"minecraft:diamond":5,"minecraft:crafting_table":1,"minecraft:cookie":20,"minecraft:warped_roots":8,"minecraft:jungle_planks":8,"minecraft:cracked_stone_bricks":2,"minecraft:saddle":4,"minecraft:elytra":2,"minecraft:dirt":45,"minecraft:pumpkin_pie":2,"minecraft:gold_nugget":12,"minecraft:bone_meal":27,"minecraft:sand":24,"minecraft:sugar":4,"minecraft:iron_pickaxe":1,"minecraft:acacia_door":1,"minecraft:birch_log":1,"minecraft:bone":26,"minecraft:gravel":119,"minecraft:stone_axe":1,"minecraft:blackstone":64,"minecraft:cobbled_deepslate":9,"minecraft:wheat":9,"minecraft:rotten_flesh":29,"minecraft:oak_planks":4,"minecraft:diamond_shovel":5,"minecraft:end_stone":3,"minecraft:azure_bluet":1,"minecraft:white_bed":1,"minecraft:salmon":5,"minecraft:poppy":6,"minecraft:gunpowder":4,"minecraft:melon_seeds":1,"minecraft:acacia_sapling":3,"minecraft:spruce_slab":2,"minecraft:arrow":275,"minecraft:end_stone_bricks":2,"minecraft:warped_wart_block":1,"minecraft:quartz":397,"minecraft:netherrack":474,"minecraft:iron_ingot":21,"minecraft:enchanted_book":1,"minecraft:stone_hoe":2,"minecraft:water_bucket":1,"minecraft:golden_boots":4,"minecraft:bread":258,"minecraft:oak_slab":2,"minecraft:wheat_seeds":64,"minecraft:diamond_leggings":1,"minecraft:feather":3,"minecraft:oak_fence":2,"minecraft:cobblestone":33,"minecraft:iron_helmet":3,"minecraft:granite":3,"minecraft:grass_block":1,"minecraft:stick":9,"minecraft:golden_carrot":190,"minecraft:torch":1,"minecraft:iron_door":5,"minecraft:diamond_helmet":3,"minecraft:iron_leggings":5,"minecraft:oak_stairs":1,"minecraft:white_banner":5,"minecraft:iron_axe":3,"minecraft:string":571,"minecraft:bucket":1,"minecraft:spruce_sapling":19,"minecraft:dandelion":11,"minecraft:warped_nylium":6,"minecraft:stone_sword":3,"minecraft:cocoa_beans":2,"minecraft:bowl":7,"minecraft:tuff":34,"minecraft:iron_boots":4,"minecraft:filled_map":1,"minecraft:diamond_sword":2,"minecraft:shield":1,"minecraft:diamond_chestplate":1,"minecraft:diamond_pickaxe":4,"minecraft:iron_chestplate":6,"minecraft:andesite":10,"minecraft:oak_sapling":12,"minecraft:golden_sword":3,"minecraft:spider_eye":3,"minecraft:bamboo":14,"minecraft:diamond_boots":1,"minecraft:sandstone":2,"minecraft:wooden_pickaxe":2,"minecraft:bow":29,"minecraft:stone_pickaxe":1,"minecraft:nether_quartz_ore":1},"minecraft:killed":{"minecraft:cave_spider":10,"minecraft:zombified_piglin":27,"minecraft:witch":6,"minecraft:spider":25,"minecraft:shulker":37,"minecraft:skeleton":30,"minecraft:silverfish":2,"minecraft:piglin":15,"minecraft:pig":11,"minecraft:salmon":11,"minecraft:iron_golem":6,"minecraft:ender_dragon":1,"minecraft:creeper":27,"minecraft:sheep":5,"minecraft:pillager":37,"minecraft:zombie":39,"minecraft:ghast":5,"minecraft:blaze":17,"minecraft:cow":32,"minecraft:vex":4,"minecraft:vindicator":16,"minecraft:bat":1,"minecraft:ravager":8,"minecraft:wither_skeleton":8,"minecraft:enderman":54},"minecraft:crafted":{"minecraft:grindstone":1,"minecraft:oak_planks":1520,"minecraft:blaze_powder":16,"minecraft:stone":3,"minecraft:lever":1,"minecraft:diamond_shovel":2,"minecraft:bookshelf":18,"minecraft:shulker_box":2,"minecraft:suspicious_stew":7,"minecraft:hopper":4,"minecraft:diamond_helmet":2,"minecraft:diamond_leggings":1,"minecraft:bow":27,"minecraft:iron_boots":2,"minecraft:chest":17,"minecraft:stone_hoe":2,"minecraft:ender_eye":16,"minecraft:golden_boots":2,"minecraft:oak_slab":6,"minecraft:arrow":400,"minecraft:emerald":1235,"minecraft:cooked_porkchop":2,"minecraft:diamond_axe":1,"minecraft:crafting_table":5,"minecraft:spruce_planks":4120,"minecraft:wooden_pickaxe":2,"minecraft:iron_helmet":3,"minecraft:smithing_table":1,"minecraft:fletching_table":6,"minecraft:apple":48,"minecraft:spruce_trapdoor":12,"minecraft:lectern":5,"minecraft:iron_chestplate":3,"minecraft:book":5,"minecraft:paper":117,"minecraft:diamond_pickaxe":4,"minecraft:charcoal":3,"minecraft:yellow_dye":1,"minecraft:shield":1,"minecraft:stick":11348,"minecraft:stone_slab":6,"minecraft:iron_ingot":207,"minecraft:iron_pickaxe":4,"minecraft:iron_block":3,"minecraft:acacia_door":3,"minecraft:gold_ingot":70,"minecraft:netherite_ingot":4,"minecraft:shears":1,"minecraft:golden_carrot":225,"minecraft:cookie":144,"minecraft:raw_iron":27,"minecraft:stone_shovel":2,"minecraft:tripwire_hook":2,"minecraft:furnace":8,"minecraft:oak_trapdoor":2,"minecraft:flint_and_steel":1,"minecraft:yellow_shulker_box":1,"minecraft:iron_axe":6,"minecraft:spruce_slab":24,"minecraft:red_shulker_box":1,"minecraft:stone_pickaxe":2,"minecraft:diamond_boots":3,"minecraft:netherite_scrap":16,"minecraft:minecart":1,"minecraft:wheat":522,"minecraft:cooked_beef":17,"minecraft:red_dye":1,"minecraft:crimson_planks":16,"minecraft:diamond_sword":1,"minecraft:enchanting_table":1,"minecraft:bucket":2,"minecraft:stone_axe":2,"minecraft:enchanted_book":14,"minecraft:bread":420,"minecraft:acacia_boat":4,"minecraft:air":0,"minecraft:jungle_planks":28,"minecraft:iron_leggings":3,"minecraft:anvil":1,"minecraft:white_bed":2,"minecraft:acacia_planks":512,"minecraft:torch":276,"minecraft:diamond_chestplate":2,"minecraft:firework_rocket":93,"minecraft:ender_chest":1},"minecraft:picked_up":{"minecraft:shulker_shell":25,"minecraft:iron_chestplate":2,"minecraft:wheat":9,"minecraft:ender_chest":2,"minecraft:smithing_table":2,"minecraft:diamond_sword":1,"minecraft:oak_stairs":1,"minecraft:brewing_stand":1,"minecraft:golden_sword":3,"minecraft:string":5723,"minecraft:iron_leggings":2,"minecraft:gold_nugget":340,"minecraft:cobbled_deepslate":435,"minecraft:ender_eye":2,"minecraft:furnace":15,"minecraft:iron_boots":3,"minecraft:stick":223,"minecraft:composter":2,"minecraft:oak_fence":2,"minecraft:torch":23,"minecraft:acacia_log":74,"minecraft:porkchop":10,"minecraft:diorite":28,"minecraft:orange_bed":8,"minecraft:stone_sword":3,"minecraft:rotten_flesh":29,"minecraft:blaze_rod":15,"minecraft:obsidian":26,"minecraft:cobblestone":334,"minecraft:birch_log":1,"minecraft:enchanting_table":3,"minecraft:feather":3,"minecraft:cooked_beef":18,"minecraft:iron_door":5,"minecraft:jungle_log":62,"minecraft:andesite":27,"minecraft:flint":28,"minecraft:tuff":72,"minecraft:acacia_boat":71,"minecraft:lapis_lazuli":75,"minecraft:dirt":531,"minecraft:twisting_vines":17,"minecraft:bone":38,"minecraft:acacia_planks":5,"minecraft:bow":3,"minecraft:wheat_seeds":58,"minecraft:raw_gold":28,"minecraft:bell":4,"minecraft:grindstone":3,"minecraft:mossy_stone_bricks":4,"minecraft:fletching_table":7,"minecraft:bamboo":14,"minecraft:moss_block":1,"minecraft:oak_planks":154,"minecraft:cooked_porkchop":10,"minecraft:warped_wart_block":1,"minecraft:jungle_planks":8,"minecraft:sand":135,"minecraft:stripped_spruce_log":1,"minecraft:nether_brick_stairs":1,"minecraft:grass_block":1,"minecraft:sugar":4,"minecraft:diamond":182,"minecraft:granite":3,"minecraft:bone_meal":67,"minecraft:emerald":43,"minecraft:oak_sapling":13,"minecraft:netherrack":2394,"minecraft:diamond_pickaxe":2,"minecraft:end_stone_bricks":2,"minecraft:cocoa_beans":2,"minecraft:crafting_table":35,"minecraft:azure_bluet":1,"minecraft:ominous_bottle":1,"minecraft:nether_wart":23,"minecraft:gold_block":3,"minecraft:dragon_head":1,"minecraft:red_bed":1,"minecraft:oak_trapdoor":2,"minecraft:elytra":5,"minecraft:iron_axe":1,"minecraft:acacia_door":2,"minecraft:blackstone":64,"minecraft:cracked_stone_bricks":2,"minecraft:beef":53,"minecraft:jungle_sapling":9,"minecraft:minecart":7,"minecraft:poppy":7,"minecraft:spruce_slab":1,"minecraft:lectern":195,"minecraft:sugar_cane":217,"minecraft:spruce_trapdoor":6,"minecraft:raw_iron":273,"minecraft:sandstone":2,"minecraft:end_stone":31,"minecraft:cookie":2,"minecraft:redstone":95,"minecraft:arrow":133,"minecraft:pumpkin_pie":2,"minecraft:nether_bricks":28,"minecraft:hay_block":58,"minecraft:totem_of_undying":1,"minecraft:saddle":4,"minecraft:gold_ingot":15,"minecraft:mutton":8,"minecraft:bone_block":24,"minecraft:rail":47,"minecraft:white_wool":6,"minecraft:stripped_oak_log":24,"minecraft:yellow_shulker_box":1,"minecraft:golden_carrot":53,"minecraft:crimson_stem":4,"minecraft:salmon":8,"minecraft:leather":32,"minecraft:acacia_wood":54,"minecraft:oak_log":368,"minecraft:ancient_debris":16,"minecraft:golden_boots":2,"minecraft:yellow_bed":8,"minecraft:gunpowder":40,"minecraft:white_banner":5,"minecraft:cooked_mutton":1,"minecraft:stone_bricks":4,"minecraft:iron_ingot":48,"minecraft:soul_sand":25,"minecraft:acacia_sapling":7,"minecraft:book":464,"minecraft:warped_fungus":1,"minecraft:nether_quartz_ore":1,"minecraft:quartz":530,"minecraft:dandelion":12,"minecraft:raw_iron_block":3,"minecraft:gravel":170,"minecraft:spruce_sapling":71,"minecraft:blast_furnace":4,"minecraft:white_bed":20,"minecraft:spruce_log":1041,"minecraft:spider_eye":4,"minecraft:stripped_jungle_log":1,"minecraft:diamond_shovel":2,"minecraft:stone_axe":1,"minecraft:iron_helmet":2,"minecraft:warped_roots":8,"minecraft:melon_seeds":1,"minecraft:warped_nylium":6,"minecraft:coal":398,"minecraft:ender_pearl":49},"minecraft:mined":{"minecraft:dragon_wall_head":1,"minecraft:white_bed":18,"minecraft:jungle_leaves":2,"minecraft:brewing_stand":1,"minecraft:obsidian":19,"minecraft:spruce_trapdoor":6,"minecraft:cave_vines_plant":1,"minecraft:granite":13,"minecraft:acacia_log":75,"minecraft:grass_block":396,"minecraft:jungle_log":62,"minecraft:composter":2,"minecraft:crimson_fungus":1,"minecraft:nether_wart":12,"minecraft:spawner":4,"minecraft:polished_blackstone_bricks":1,"minecraft:magma_block":13,"minecraft:raw_iron_block":3,"minecraft:cobbled_deepslate":20,"minecraft:iron_ore":54,"minecraft:fire":78,"minecraft:fletching_table":7,"minecraft:deepslate_lapis_ore":15,"minecraft:nether_brick_stairs":1,"minecraft:enchanting_table":3,"minecraft:twisting_vines":7,"minecraft:end_stone_bricks":14,"minecraft:spruce_slab":1,"minecraft:tripwire":6,"minecraft:orange_bed":8,"minecraft:deepslate_redstone_ore":20,"minecraft:red_bed":1,"minecraft:blackstone":135,"minecraft:twisting_vines_plant":10,"minecraft:melon_stem":1,"minecraft:crimson_nylium":6,"minecraft:soul_fire":5,"minecraft:purpur_stairs":1,"minecraft:torch":6,"minecraft:blast_furnace":4,"minecraft:poppy":2,"minecraft:nether_quartz_ore":660,"minecraft:cobblestone":10,"minecraft:oak_planks":25,"minecraft:grindstone":3,"minecraft:sugar_cane":127,"minecraft:iron_door":1,"minecraft:wall_torch":4,"minecraft:seagrass":1,"minecraft:warped_nylium":12,"minecraft:wheat":9,"minecraft:purpur_block":5,"minecraft:oak_log":329,"minecraft:sand":120,"minecraft:dirt":153,"minecraft:ancient_debris":16,"minecraft:netherrack":13401,"minecraft:oak_leaves":111,"minecraft:deepslate":471,"minecraft:nether_gold_ore":55,"minecraft:tuff":99,"minecraft:deepslate_diamond_ore":117,"minecraft:end_stone":37,"minecraft:glow_lichen":1,"minecraft:nether_bricks":30,"minecraft:spruce_leaves":35,"minecraft:moss_block":1,"minecraft:sandstone":1,"minecraft:crimson_stem":5,"minecraft:hay_block":58,"minecraft:oak_trapdoor":2,"minecraft:spruce_sapling":8,"minecraft:furnace":13,"minecraft:acacia_wood":54,"minecraft:andesite":31,"minecraft:gold_block":3,"minecraft:bell":4,"minecraft:bookshelf":189,"minecraft:deepslate_iron_ore":166,"minecraft:vine":13,"minecraft:rail":47,"minecraft:stripped_oak_log":24,"minecraft:stripped_jungle_log":1,"minecraft:stone":343,"minecraft:bone_block":24,"minecraft:yellow_shulker_box":1,"minecraft:ender_chest":3,"minecraft:smithing_table":2,"minecraft:podzol":61,"minecraft:acacia_leaves":3,"minecraft:soul_sand":20,"minecraft:infested_stone_bricks":2,"minecraft:dandelion":1,"minecraft:oak_fence":2,"minecraft:crafting_table":35,"minecraft:short_grass":187,"minecraft:warped_roots":3,"minecraft:lectern":195,"minecraft:tall_grass":26,"minecraft:deepslate_gold_ore":29,"minecraft:diorite":28,"minecraft:warped_wart_block":1,"minecraft:spruce_log":632,"minecraft:yellow_bed":8,"minecraft:coal_ore":165,"minecraft:cocoa":1,"minecraft:end_rod":1,"minecraft:gravel":248,"minecraft:acacia_door":1,"minecraft:cobweb":37,"minecraft:cracked_stone_bricks":2,"minecraft:acacia_planks":5,"minecraft:stone_bricks":9,"minecraft:mossy_stone_bricks":9,"minecraft:fern":7},"minecraft:broken":{"minecraft:stone_axe":2,"minecraft:stone_shovel":1,"minecraft:iron_axe":4,"minecraft:iron_helmet":1},"minecraft:used":{"minecraft:spruce_slab":1,"minecraft:elytra":12,"minecraft:chest":10,"minecraft:shield":18,"minecraft:nether_wart":16,"minecraft:bell":4,"minecraft:iron_chestplate":2,"minecraft:soul_sand":16,"minecraft:mutton":3,"minecraft:nether_bricks":28,"minecraft:tuff":26,"minecraft:obsidian":10,"minecraft:lava_bucket":16,"minecraft:iron_helmet":1,"minecraft:bow":411,"minecraft:ominous_bottle":1,"minecraft:oak_sapling":1,"minecraft:furnace":23,"minecraft:golden_boots":4,"minecraft:diorite":17,"minecraft:cow_spawn_egg":1,"minecraft:diamond_boots":2,"minecraft:stone_pickaxe":243,"minecraft:oak_planks":148,"minecraft:ender_pearl":24,"minecraft:wooden_pickaxe":55,"minecraft:composter":2,"minecraft:sugar_cane":72,"minecraft:diamond_axe":518,"minecraft:sand":8,"minecraft:blast_furnace":3,"minecraft:end_stone":21,"minecraft:shears":1,"minecraft:lever":1,"minecraft:firework_rocket":14,"minecraft:acacia_door":1,"minecraft:bread":97,"minecraft:string":15,"minecraft:lectern":200,"minecraft:gravel":42,"minecraft:diamond_sword":1010,"minecraft:grindstone":4,"minecraft:smithing_table":2,"minecraft:andesite":7,"minecraft:bone_meal":20,"minecraft:oak_trapdoor":3,"minecraft:enchanting_table":4,"minecraft:flint_and_steel":23,"minecraft:stone_shovel":212,"minecraft:ender_chest":2,"minecraft:stone_hoe":59,"minecraft:netherrack":1659,"minecraft:orange_bed":8,"minecraft:torch":259,"minecraft:dirt":409,"minecraft:anvil":1,"minecraft:hopper":4,"minecraft:twisting_vines":4,"minecraft:diamond_helmet":2,"minecraft:bookshelf":10,"minecraft:iron_axe":1225,"minecraft:iron_boots":5,"minecraft:crimson_planks":16,"minecraft:diamond_chestplate":13,"minecraft:tripwire_hook":2,"minecraft:golden_carrot":106,"minecraft:beef":3,"minecraft:minecart":7,"minecraft:acacia_planks":42,"minecraft:cooked_beef":16,"minecraft:cobbled_deepslate":210,"minecraft:iron_leggings":2,"minecraft:cooked_mutton":1,"minecraft:acacia_boat":72,"minecraft:water_bucket":134,"minecraft:yellow_shulker_box":1,"minecraft:fletching_table":13,"minecraft:rail":38,"minecraft:crafting_table":38,"minecraft:red_bed":1,"minecraft:white_bed":19,"minecraft:ender_eye":15,"minecraft:diamond_pickaxe":15575,"minecraft:diamond_shovel":767,"minecraft:iron_pickaxe":317,"minecraft:suspicious_stew":7,"minecraft:spruce_trapdoor":17,"minecraft:spruce_sapling":55,"minecraft:stone_axe":251,"minecraft:cobblestone":64,"minecraft:porkchop":4,"minecraft:cooked_porkchop":12,"minecraft:bucket":153,"minecraft:yellow_bed":7,"minecraft:diamond_leggings":1},"minecraft:custom":{"minecraft:interact_with_crafting_table":152,"minecraft:open_barrel":7,"minecraft:open_shulker_box":13,"minecraft:bell_ring":85,"minecraft:leave_game":9,"minecraft:time_since_death":1029739,"minecraft:sprint_one_cm":3383108,"minecraft:damage_blocked_by_shield":650,"minecraft:drop":308,"minecraft:talked_to_villager":554,"minecraft:play_time":1030487,"minecraft:jump":28222,"minecraft:walk_on_water_one_cm":64606,"minecraft:enchant_item":38,"minecraft:interact_with_furnace":227,"minecraft:traded_with_villager":1460,"minecraft:sleep_in_bed":49,"minecraft:open_enderchest":4,"minecraft:damage_dealt":81126,"minecraft:player_kills":1,"minecraft:crouch_one_cm":386248,"minecraft:interact_with_smithing_table":2,"minecraft:mob_kills":456,"minecraft:interact_with_anvil":20,"minecraft:climb_one_cm":8631,"minecraft:walk_one_cm":2071149,"minecraft:raid_win":3,"minecraft:sneak_time":106490,"minecraft:walk_under_water_one_cm":46147,"minecraft:boat_one_cm":676032,"minecraft:interact_with_blast_furnace":13,"minecraft:total_world_time":1030487,"minecraft:raid_trigger":3,"minecraft:interact_with_grindstone":21,"minecraft:time_since_rest":3867,"minecraft:damage_taken":6881,"minecraft:swim_one_cm":86961,"minecraft:fly_one_cm":6972986,"minecraft:open_chest":328,"minecraft:aviate_one_cm":691975,"minecraft:fall_one_cm":721764}},"DataVersion":3955}