{"stats":{"minecraft:custom":{"minecraft:interact_with_furnace":23,"minecraft:mob_kills":52,"minecraft:interact_with_crafting_table":16,"minecraft:leave_game":2,"minecraft:time_since_death":50476,"minecraft:time_since_rest":50476,"minecraft:sprint_one_cm":137675,"minecraft:damage_taken":1490,"minecraft:walk_one_cm":94091,"minecraft:drop":15,"minecraft:damage_dealt":9856,"minecraft:swim_one_cm":9746,"minecraft:fly_one_cm":329646,"minecraft:open_chest":5,"minecraft:crouch_one_cm":26705,"minecraft:play_time":50476,"minecraft:sneak_time":9232,"minecraft:walk_under_water_one_cm":896,"minecraft:jump":1517,"minecraft:walk_on_water_one_cm":5474,"minecraft:total_world_time":50476,"minecraft:fall_one_cm":36754},"minecraft:killed":{"minecraft:husk":2,"minecraft:spider":9,"minecraft:bat":1,"minecraft:creeper":10,"minecraft:skeleton":15,"minecraft:zombie":13},"minecraft:used":{"minecraft:water_bucket":6,"minecraft:netherite_sword":111,"minecraft:stone_pickaxe":110,"minecraft:wooden_pickaxe":26,"minecraft:iron_chestplate":1,"minecraft:torch":120,"minecraft:crafting_table":7,"minecraft:granite":1,"minecraft:diamond_pickaxe":56,"minecraft:iron_pickaxe":125,"minecraft:iron_helmet":1,"minecraft:iron_boots":1,"minecraft:stone_axe":37,"minecraft:diamond_chestplate":1,"minecraft:cobblestone":42,"minecraft:golden_carrot":20,"minecraft:furnace":4,"minecraft:bucket":7,"minecraft:cobbled_deepslate":2,"minecraft:iron_leggings":1},"minecraft:picked_up":{"minecraft:crafting_table":8,"minecraft:andesite":1,"minecraft:tuff":2,"minecraft:gunpowder":2,"minecraft:lapis_lazuli":44,"minecraft:dirt":11,"minecraft:bone":5,"minecraft:bow":1,"minecraft:wheat_seeds":2,"minecraft:cobbled_deepslate":27,"minecraft:raw_gold":15,"minecraft:acacia_sapling":1,"minecraft:furnace":4,"minecraft:raw_iron":63,"minecraft:torch":3,"minecraft:acacia_log":27,"minecraft:sand":7,"minecraft:diorite":5,"minecraft:arrow":6,"minecraft:rotten_flesh":5,"minecraft:diamond":25,"minecraft:granite":1,"minecraft:coal":146,"minecraft:cobblestone":66},"minecraft:crafted":{"minecraft:stone_shovel":1,"minecraft:crafting_table":1,"minecraft:wooden_pickaxe":1,"minecraft:iron_helmet":1,"minecraft:furnace":2,"minecraft:bucket":1,"minecraft:stone_axe":1,"minecraft:air":0,"minecraft:iron_boots":1,"minecraft:iron_chestplate":1,"minecraft:diamond_pickaxe":1,"minecraft:stick":52,"minecraft:iron_ingot":35,"minecraft:iron_pickaxe":1,"minecraft:stone_pickaxe":1,"minecraft:iron_leggings":1,"minecraft:acacia_planks":108,"minecraft:torch":160,"minecraft:diamond_chestplate":1},"minecraft:dropped":{"minecraft:wheat_seeds":2,"minecraft:crafting_table":1,"minecraft:rotten_flesh":2,"minecraft:dirt":11,"minecraft:iron_chestplate":1,"minecraft:andesite":1,"minecraft:acacia_sapling":1,"minecraft:sand":7,"minecraft:arrow":2,"minecraft:bow":1,"minecraft:wooden_pickaxe":1,"minecraft:stone_pickaxe":1,"minecraft:bone":3},"minecraft:mined":{"minecraft:tuff":2,"minecraft:acacia_leaves":10,"minecraft:deepslate_diamond_ore":25,"minecraft:crafting_table":7,"minecraft:granite":1,"minecraft:short_grass":6,"minecraft:acacia_log":27,"minecraft:grass_block":3,"minecraft:cobblestone":6,"minecraft:lapis_ore":1,"minecraft:deepslate_gold_ore":15,"minecraft:diorite":5,"minecraft:furnace":4,"minecraft:iron_ore":41,"minecraft:andesite":1,"minecraft:deepslate_lapis_ore":5,"minecraft:coal_ore":86,"minecraft:deepslate_iron_ore":23,"minecraft:sand":7,"minecraft:dirt":8,"minecraft:stone":60,"minecraft:deepslate":27}},"DataVersion":3953}