{"stats":{"minecraft:killed":{"minecraft:zombie":1},"minecraft:mined":{"minecraft:spruce_log":1},"minecraft:custom":{"minecraft:jump":254,"minecraft:time_since_rest":11432,"minecraft:damage_dealt":62,"minecraft:crouch_one_cm":8,"minecraft:leave_game":4,"minecraft:sprint_one_cm":20795,"minecraft:play_time":11432,"minecraft:time_since_death":11432,"minecraft:walk_one_cm":12651,"minecraft:sneak_time":11,"minecraft:total_world_time":11432,"minecraft:mob_kills":2,"minecraft:fall_one_cm":9430,"minecraft:fly_one_cm":69187}},"DataVersion":3953}