{"stats":{"minecraft:picked_up":{"minecraft:crafting_table":2,"minecraft:arrow":2,"minecraft:blast_furnace":2,"minecraft:spruce_log":6,"minecraft:coal":23,"minecraft:dirt":14,"minecraft:cobblestone":8},"minecraft:custom":{"minecraft:time_since_rest":10310,"minecraft:crouch_one_cm":2684,"minecraft:play_time":10310,"minecraft:sprint_one_cm":9568,"tombstone:undead_killed":1,"minecraft:walk_one_cm":7256,"minecraft:sneak_time":1318,"minecraft:mob_kills":1,"minecraft:drop":2,"minecraft:jump":53,"minecraft:damage_dealt":200,"minecraft:time_since_death":10310,"minecraft:total_world_time":10310,"minecraft:interact_with_crafting_table":2,"minecraft:fall_one_cm":627,"minecraft:fly_one_cm":8668},"minecraft:used":{"minecraft:stone_axe":4,"minecraft:crafting_table":1,"minecraft:stone_pickaxe":28,"alexsmobs:animal_dictionary":2,"minecraft:wooden_pickaxe":21},"minecraft:dropped":{"minecraft:wooden_pickaxe":1,"alexsmobs:animal_dictionary":1},"minecraft:killed":{"minecraft:skeleton":1},"minecraft:mined":{"minecraft:blast_furnace":2,"minecraft:grass_block":3,"minecraft:coal_ore":24,"minecraft:dirt":11,"minecraft:spruce_log":6,"minecraft:stone":8,"minecraft:crafting_table":2,"minecraft:spawner":1},"minecraft:crafted":{"minecraft:stone_shovel":1,"minecraft:stone_axe":1,"minecraft:crafting_table":1,"minecraft:spruce_planks":24,"minecraft:stick":12,"minecraft:stone_pickaxe":1,"minecraft:wooden_pickaxe":1}},"DataVersion":3465}