{"stats":{"minecraft:used":{"minecraft:oak_log":4,"minecraft:dirt":8,"minecraft:golden_carrot":3},"minecraft:mined":{"minecraft:grass":2,"minecraft:grass_block":5,"minecraft:oak_log":4,"minecraft:dirt_path":1,"minecraft:dirt":2},"minecraft:picked_up":{"minecraft:oak_log":4,"minecraft:dirt":8},"minecraft:custom":{"minecraft:jump":507,"minecraft:time_since_rest":45102,"minecraft:damage_taken":30,"minecraft:play_time":45102,"minecraft:crouch_one_cm":1118,"minecraft:leave_game":1,"minecraft:sprint_one_cm":40882,"minecraft:time_since_death":45102,"minecraft:walk_one_cm":38968,"minecraft:sneak_time":231,"minecraft:total_world_time":45102,"minecraft:fall_one_cm":19334,"minecraft:fly_one_cm":107085}},"DataVersion":3465}