{"stats":{"minecraft:dropped":{"minecraft:wheat_seeds":1,"minecraft:mutton":2,"minecraft:netherite_sword":1,"minecraft:netherite_boots":1,"minecraft:netherite_chestplate":1,"minecraft:netherite_helmet":1,"minecraft:cobblestone":1,"minecraft:string":1,"minecraft:white_wool":1,"minecraft:netherite_leggings":1},"minecraft:used":{"minecraft:oak_log":4,"minecraft:netherite_sword":44,"minecraft:golden_carrot":11,"minecraft:dirt":15,"minecraft:anvil":2,"minecraft:cobblestone":3,"minecraft:bow":86,"minecraft:experience_bottle":64},"minecraft:killed":{"minecraft:sheep":2,"minecraft:skeleton":1,"minecraft:pillager":4,"minecraft:zombie":11,"minecraft:spider":4,"minecraft:creeper":2},"minecraft:mined":{"minecraft:grass":6,"minecraft:grass_block":9,"minecraft:oak_log":4,"minecraft:dirt_path":1,"minecraft:dirt":5,"minecraft:oak_leaves":1,"minecraft:fern":2},"minecraft:picked_up":{"minecraft:netherite_boots":1,"minecraft:oak_log":4,"minecraft:netherite_leggings":1,"minecraft:string":1,"minecraft:dirt":15,"minecraft:netherite_helmet":1,"minecraft:wheat_seeds":1,"minecraft:netherite_sword":1,"minecraft:netherite_chestplate":1,"minecraft:mutton":2,"minecraft:white_wool":1},"minecraft:custom":{"minecraft:time_since_rest":146697,"minecraft:sprint_one_cm":176717,"minecraft:damage_taken":686,"minecraft:walk_one_cm":109487,"minecraft:mob_kills":24,"minecraft:interact_with_anvil":3,"minecraft:drop":11,"minecraft:damage_dealt":4267,"minecraft:fly_one_cm":534255,"minecraft:crouch_one_cm":2091,"minecraft:play_time":146697,"minecraft:walk_under_water_one_cm":245,"minecraft:sneak_time":453,"minecraft:jump":1823,"minecraft:leave_game":10,"minecraft:time_since_death":146697,"minecraft:walk_on_water_one_cm":250,"minecraft:total_world_time":146697,"minecraft:climb_one_cm":826,"minecraft:fall_one_cm":34439}},"DataVersion":3465}