{"stats":{"minecraft:used":{"minecraft:oak_log":4,"minecraft:dirt":5,"minecraft:golden_carrot":3},"minecraft:mined":{"minecraft:grass_block":2,"minecraft:oak_log":4,"minecraft:dirt_path":1,"minecraft:dirt":2},"minecraft:picked_up":{"minecraft:oak_log":4,"minecraft:dirt":5},"minecraft:custom":{"minecraft:jump":388,"minecraft:time_since_rest":33102,"minecraft:damage_taken":10,"minecraft:play_time":33102,"minecraft:crouch_one_cm":291,"minecraft:leave_game":1,"minecraft:sprint_one_cm":31798,"minecraft:time_since_death":33102,"minecraft:walk_one_cm":29693,"minecraft:sneak_time":124,"minecraft:total_world_time":33102,"minecraft:fall_one_cm":14274,"minecraft:fly_one_cm":80815}},"DataVersion":3465}