{"stats":{"minecraft:picked_up":{"minecraft:oak_log":1,"minecraft:dirt":2},"minecraft:mined":{"minecraft:grass":1,"minecraft:grass_block":2,"minecraft:oak_log":1},"minecraft:custom":{"minecraft:jump":244,"minecraft:time_since_rest":11514,"minecraft:play_time":11514,"minecraft:leave_game":2,"minecraft:sprint_one_cm":21654,"minecraft:time_since_death":11514,"minecraft:walk_one_cm":22667,"minecraft:sneak_time":64,"minecraft:total_world_time":11514,"minecraft:fall_one_cm":5258,"minecraft:fly_one_cm":41180},"minecraft:used":{"minecraft:oak_log":1,"minecraft:dirt":2}},"DataVersion":3465}