{"stats":{"minecraft:mined":{"minecraft:grass":2,"minecraft:grass_block":9,"minecraft:oak_log":4,"minecraft:dirt_path":1,"minecraft:dirt":5},"minecraft:picked_up":{"minecraft:wheat_seeds":1,"minecraft:oak_log":4,"minecraft:mutton":2,"minecraft:white_wool":1,"minecraft:dirt":15,"minecraft:string":1},"minecraft:killed":{"minecraft:sheep":1,"minecraft:zombie":1,"minecraft:creeper":1,"minecraft:spider":2,"minecraft:pillager":4},"minecraft:used":{"minecraft:oak_log":4,"minecraft:cobblestone":3,"minecraft:bow":86,"minecraft:anvil":2,"minecraft:dirt":15,"minecraft:golden_carrot":7,"minecraft:experience_bottle":64},"minecraft:custom":{"minecraft:time_since_rest":135649,"minecraft:crouch_one_cm":2035,"minecraft:play_time":135649,"minecraft:sprint_one_cm":154079,"minecraft:damage_taken":320,"minecraft:walk_one_cm":97718,"minecraft:sneak_time":431,"minecraft:walk_under_water_one_cm":245,"minecraft:interact_with_anvil":3,"minecraft:mob_kills":9,"minecraft:drop":6,"minecraft:jump":1550,"minecraft:damage_dealt":1473,"minecraft:leave_game":9,"minecraft:walk_on_water_one_cm":250,"minecraft:time_since_death":135649,"minecraft:total_world_time":135649,"minecraft:fall_one_cm":27484,"minecraft:fly_one_cm":437151},"minecraft:dropped":{"minecraft:cobblestone":1,"minecraft:wheat_seeds":1,"minecraft:mutton":2,"minecraft:string":1,"minecraft:white_wool":1}},"DataVersion":3465}