{"stats":{"minecraft:used":{"minecraft:oak_log":4,"minecraft:dirt":5,"minecraft:golden_carrot":3},"minecraft:mined":{"minecraft:grass_block":2,"minecraft:oak_log":4,"minecraft:dirt_path":1,"minecraft:dirt":2},"minecraft:picked_up":{"minecraft:oak_log":4,"minecraft:dirt":5},"minecraft:custom":{"minecraft:jump":322,"minecraft:time_since_rest":21102,"minecraft:damage_taken":10,"minecraft:play_time":21102,"minecraft:crouch_one_cm":291,"minecraft:leave_game":1,"minecraft:sprint_one_cm":27514,"minecraft:time_since_death":21102,"minecraft:walk_one_cm":27557,"minecraft:sneak_time":124,"minecraft:total_world_time":21102,"minecraft:fall_one_cm":11557,"minecraft:fly_one_cm":67096}},"DataVersion":3465}