{"stats":{"minecraft:dropped":{"minecraft:cobblestone":1},"minecraft:used":{"minecraft:oak_log":4,"minecraft:dirt":15,"minecraft:cobblestone":3,"minecraft:golden_carrot":4,"minecraft:bow":86,"minecraft:experience_bottle":64},"minecraft:killed":{"minecraft:pillager":4},"minecraft:mined":{"minecraft:grass":2,"minecraft:grass_block":9,"minecraft:oak_log":4,"minecraft:dirt_path":1,"minecraft:dirt":5},"minecraft:picked_up":{"minecraft:oak_log":4,"minecraft:dirt":15},"minecraft:custom":{"minecraft:time_since_rest":81102,"minecraft:crouch_one_cm":1396,"minecraft:sprint_one_cm":78181,"minecraft:play_time":81102,"minecraft:damage_taken":70,"minecraft:walk_one_cm":62747,"minecraft:mob_kills":4,"minecraft:sneak_time":286,"minecraft:drop":1,"minecraft:jump":1027,"minecraft:leave_game":1,"minecraft:time_since_death":81102,"minecraft:total_world_time":81102,"minecraft:fall_one_cm":26019,"minecraft:fly_one_cm":272726}},"DataVersion":3465}