{"stats":{"minecraft:custom":{"minecraft:time_since_rest":12295,"minecraft:sprint_one_cm":84780,"minecraft:damage_taken":2147483647,"minecraft:walk_one_cm":40956,"minecraft:drop":1,"minecraft:interact_with_crafting_table":2,"minecraft:fly_one_cm":301172,"minecraft:open_chest":4,"minecraft:crouch_one_cm":5588,"minecraft:play_time":52625,"minecraft:deaths":1,"minecraft:sneak_time":2021,"minecraft:walk_under_water_one_cm":1674,"minecraft:jump":857,"minecraft:leave_game":2,"minecraft:walk_on_water_one_cm":1726,"minecraft:time_since_death":14219,"minecraft:total_world_time":52625,"minecraft:climb_one_cm":139,"minecraft:fall_one_cm":12213},"minecraft:broken":{"minecraft:chainmail_helmet":1},"minecraft:used":{"minecraft:wooden_axe":26,"minecraft:bread":10,"minecraft:spruce_planks":21,"minecraft:gunpowder":5,"minecraft:dirt":3,"minecraft:crafting_table":1},"minecraft:picked_up":{"minecraft:crafting_table":1,"minecraft:spruce_fence":1,"minecraft:gunpowder":4,"minecraft:dirt":5,"minecraft:dark_oak_planks":1,"minecraft:spruce_planks":3,"minecraft:spruce_wood":8,"minecraft:melon_slice":62,"minecraft:dark_oak_wood":4},"minecraft:mined":{"minecraft:dark_oak_planks":1,"minecraft:spruce_planks":3,"supplementaries:gunpowder":4,"minecraft:crafting_table":1,"minecraft:dark_oak_wood":4,"minecraft:grass_block":5,"minecraft:spruce_fence":1,"minecraft:melon":13,"minecraft:spruce_wood":8,"minecraft:spruce_leaves":4},"minecraft:killed_by":{"iceandfire:gorgon":1},"minecraft:crafted":{"minecraft:crafting_table":1,"minecraft:spruce_planks":32,"minecraft:stick":4,"minecraft:wooden_axe":1,"minecraft:dark_oak_planks":16},"minecraft:dropped":{"alexsmobs:animal_dictionary":1}},"DataVersion":3465}