{"stats":{"minecraft:dropped":{"minecraft:cobblestone":1,"minecraft:string":1},"minecraft:used":{"minecraft:oak_log":4,"minecraft:anvil":1,"minecraft:cobblestone":3,"minecraft:dirt":15,"minecraft:bow":86,"minecraft:golden_carrot":7,"minecraft:experience_bottle":64},"minecraft:killed":{"minecraft:spider":2,"minecraft:pillager":4},"minecraft:mined":{"minecraft:grass":2,"minecraft:grass_block":9,"minecraft:oak_log":4,"minecraft:dirt_path":1,"minecraft:dirt":5},"minecraft:picked_up":{"minecraft:oak_log":4,"minecraft:string":1,"minecraft:dirt":15},"minecraft:custom":{"minecraft:interact_with_anvil":2,"minecraft:time_since_rest":100946,"minecraft:crouch_one_cm":1912,"minecraft:play_time":100946,"minecraft:sprint_one_cm":100597,"minecraft:damage_taken":320,"minecraft:walk_one_cm":78202,"minecraft:sneak_time":386,"minecraft:mob_kills":6,"minecraft:drop":2,"minecraft:jump":1234,"minecraft:damage_dealt":410,"minecraft:leave_game":3,"minecraft:time_since_death":100946,"minecraft:total_world_time":100946,"minecraft:fall_one_cm":27484,"minecraft:fly_one_cm":319218}},"DataVersion":3465}