{"stats":{"minecraft:dropped":{"minecraft:cobblestone":1},"minecraft:used":{"minecraft:oak_log":4,"minecraft:dirt":15,"minecraft:cobblestone":3,"minecraft:golden_carrot":4,"minecraft:bow":86,"minecraft:experience_bottle":64},"minecraft:killed":{"minecraft:pillager":4},"minecraft:mined":{"minecraft:grass":2,"minecraft:grass_block":9,"minecraft:oak_log":4,"minecraft:dirt_path":1,"minecraft:dirt":5},"minecraft:picked_up":{"minecraft:oak_log":4,"minecraft:dirt":15},"minecraft:custom":{"minecraft:time_since_rest":93621,"minecraft:crouch_one_cm":1452,"minecraft:sprint_one_cm":84660,"minecraft:play_time":93621,"minecraft:damage_taken":70,"minecraft:walk_one_cm":65574,"minecraft:mob_kills":4,"minecraft:sneak_time":318,"minecraft:drop":1,"minecraft:jump":1081,"minecraft:damage_dealt":115,"minecraft:leave_game":2,"minecraft:time_since_death":93621,"minecraft:total_world_time":93621,"minecraft:fall_one_cm":26019,"minecraft:fly_one_cm":285792}},"DataVersion":3465}