{"stats":{"minecraft:used":{"minecraft:oak_log":4,"minecraft:dirt":15,"minecraft:golden_carrot":4,"minecraft:bow":57,"minecraft:experience_bottle":64},"minecraft:mined":{"minecraft:grass":2,"minecraft:grass_block":9,"minecraft:oak_log":4,"minecraft:dirt_path":1,"minecraft:dirt":5},"minecraft:picked_up":{"minecraft:oak_log":4,"minecraft:dirt":15},"minecraft:custom":{"minecraft:time_since_rest":57102,"minecraft:crouch_one_cm":1396,"minecraft:sprint_one_cm":64011,"minecraft:play_time":57102,"minecraft:damage_taken":70,"minecraft:walk_one_cm":57216,"minecraft:sneak_time":286,"minecraft:jump":845,"minecraft:leave_game":1,"minecraft:time_since_death":57102,"minecraft:total_world_time":57102,"minecraft:fall_one_cm":26019,"minecraft:fly_one_cm":190200}},"DataVersion":3465}