{"stats":{"minecraft:picked_up":{"minecraft:spruce_log":1},"minecraft:custom":{"minecraft:jump":85,"minecraft:time_since_rest":53451,"minecraft:damage_dealt":10,"minecraft:crouch_one_cm":676,"minecraft:sprint_one_cm":13167,"minecraft:play_time":53451,"minecraft:time_since_death":53451,"minecraft:walk_one_cm":5296,"minecraft:sneak_time":191,"minecraft:total_world_time":53451,"minecraft:fall_one_cm":2593,"minecraft:fly_one_cm":22278},"minecraft:mined":{"minecraft:large_fern":2,"minecraft:spruce_log":1}},"DataVersion":3465}