{"stats":{"minecraft:used":{"minecraft:oak_log":4,"minecraft:dirt":5},"minecraft:mined":{"minecraft:oak_log":4,"minecraft:grass_block":2,"minecraft:dirt_path":1,"minecraft:dirt":2},"minecraft:picked_up":{"minecraft:oak_log":4,"minecraft:dirt":5},"minecraft:custom":{"minecraft:jump":289,"minecraft:time_since_rest":9102,"minecraft:leave_game":1,"minecraft:crouch_one_cm":117,"minecraft:sprint_one_cm":25867,"minecraft:play_time":9102,"minecraft:damage_taken":10,"minecraft:time_since_death":9102,"minecraft:walk_one_cm":23218,"minecraft:sneak_time":88,"minecraft:total_world_time":9102,"minecraft:fall_one_cm":10094,"minecraft:fly_one_cm":60868}},"DataVersion":3465}